id,A1,A2,A3,A4,A5,A6,A7,A8,A9,A10,A11,A12,A13,A14,A15,class
286,a,,1.5,u,g,ff,ff,0.0,f,t,2,t,g,00200,105,negative
511,a,46.00,4.0,u,g,j,j,0.0,t,f,0,f,g,00100,960,positive
257,b,20.00,0.0,u,g,d,v,0.5,f,f,0,f,g,00144,0,negative
336,b,47.33,6.5,u,g,c,v,1.0,f,f,0,t,g,00000,228,negative
318,b,19.17,0.0,y,p,m,bb,0.0,f,f,0,t,s,00500,1,positive
211,b,24.33,6.625,y,p,d,v,5.5,t,f,0,t,s,00100,0,positive
624,b,21.58,0.79,y,p,cc,v,0.665,f,f,0,f,g,00160,0,negative
176,b,25.00,12.5,u,g,aa,v,3.0,t,f,0,t,s,00020,0,positive
462,b,21.92,0.5,u,g,c,v,0.125,f,f,0,f,g,00360,0,negative
256,b,20.00,11.045,u,g,c,v,2.0,f,f,0,t,g,00136,0,negative
662,a,23.50,1.5,u,g,w,v,0.875,f,f,0,t,g,00160,0,negative
165,a,40.83,10.0,u,g,q,h,1.75,t,f,0,f,g,00029,837,positive
621,b,22.67,0.165,u,g,c,j,2.25,f,f,0,t,s,00000,0,positive
78,b,21.67,1.165,y,p,k,v,2.5,t,t,1,f,g,00180,20,negative
676,a,30.58,10.665,u,g,q,h,0.085,f,t,12,t,g,00129,3,negative
497,b,20.17,9.25,u,g,c,v,1.665,t,t,3,t,g,00040,28,positive
681,b,27.83,1.0,y,p,d,h,3.0,f,f,0,f,g,00176,537,negative
294,a,16.08,0.335,u,g,ff,ff,0.0,f,t,1,f,g,00160,126,negative
645,b,37.33,2.665,u,g,cc,v,0.165,f,f,0,t,g,00000,501,negative
396,b,29.83,2.04,y,p,x,h,0.04,f,f,0,f,g,00128,1,negative
355,a,16.00,0.165,u,g,aa,v,1.0,f,t,2,t,g,00320,1,negative
334,b,34.75,2.5,u,g,cc,bb,0.5,f,f,0,f,g,00348,0,negative
289,a,21.75,1.75,y,p,j,j,0.0,f,f,0,f,g,00160,0,negative
572,b,21.92,0.54,y,p,x,v,0.04,t,t,1,t,g,00840,59,positive
281,b,23.92,0.585,y,p,cc,h,0.125,f,f,0,f,g,00240,1,negative
327,,40.83,3.5,u,g,i,bb,0.5,f,f,0,f,s,01160,0,negative
250,b,40.25,21.5,u,g,e,z,20.0,t,t,11,f,g,00000,1200,positive
54,b,34.25,3.0,u,g,cc,h,7.415,t,f,0,t,g,00000,0,positive
652,a,22.50,0.415,u,g,i,v,0.335,f,f,0,t,s,00144,0,negative
335,b,27.67,0.75,u,g,q,h,0.165,f,f,0,t,g,00220,251,negative
133,b,36.25,5.0,u,g,c,bb,2.5,t,t,6,f,g,00000,367,positive
500,b,,4.0,u,g,x,v,5.0,t,t,3,t,g,00290,2279,positive
136,b,39.92,0.54,y,p,aa,v,0.5,t,t,3,f,g,00200,1000,positive
109,a,19.75,0.75,u,g,c,v,0.795,t,t,5,t,g,00140,5,negative
594,b,38.67,0.21,u,g,k,v,0.085,t,f,0,t,g,00280,0,positive
235,a,20.67,1.835,u,g,q,v,2.085,t,t,5,f,g,00220,2503,positive
212,b,60.08,14.5,u,g,ff,ff,18.0,t,t,15,t,g,00000,1000,positive
537,b,35.25,3.165,u,g,x,h,3.75,t,f,0,t,g,00680,0,negative
244,b,18.50,2.0,u,g,i,v,1.5,t,t,2,f,g,00120,300,positive
132,a,47.42,8.0,u,g,e,bb,6.5,t,t,6,f,g,00375,51100,positive
249,b,21.83,11.0,u,g,x,v,0.29,t,t,6,f,g,00121,0,positive
72,a,38.58,5.0,u,g,cc,v,13.5,t,f,0,t,g,00980,0,negative
353,b,30.75,1.585,u,g,d,v,0.585,f,f,0,t,s,00000,0,negative
568,b,43.08,0.375,y,p,c,v,0.375,t,t,8,t,g,00300,162,positive
640,b,34.17,2.75,u,g,i,bb,2.5,f,f,0,t,g,00232,200,negative
586,b,64.08,20.0,u,g,x,h,17.5,t,t,9,t,g,00000,1000,positive
657,a,38.92,1.665,u,g,aa,v,0.25,f,f,0,f,g,00000,390,negative
404,b,34.00,5.085,y,p,i,bb,1.085,f,f,0,t,g,00480,0,negative
76,b,34.08,6.5,u,g,aa,v,0.125,t,f,0,t,g,00443,0,negative
478,b,22.75,11.5,u,g,i,v,0.415,f,f,0,f,g,00000,0,negative
277,a,18.17,10.0,y,p,q,h,0.165,f,f,0,f,g,00340,0,negative
90,b,62.50,12.75,y,p,c,h,5.0,t,f,0,f,g,00112,0,negative
668,b,30.33,0.5,u,g,d,h,0.085,f,f,0,t,s,00252,0,negative
10,b,22.08,0.83,u,g,c,h,2.165,f,f,0,t,g,00128,0,positive
63,a,20.42,0.835,u,g,q,v,1.585,t,t,1,f,g,00000,0,positive
381,a,22.67,7.0,u,g,c,v,0.165,f,f,0,f,g,00160,0,negative
576,b,30.17,0.5,u,g,c,v,1.75,t,t,11,f,g,00032,540,positive
342,b,26.92,2.25,u,g,i,bb,0.5,f,f,0,t,g,00640,4000,negative
549,b,48.33,12.0,u,g,m,v,16.0,t,f,0,f,s,00110,0,positive
658,a,15.75,0.375,u,g,c,v,1.0,f,f,0,f,g,00120,18,negative
31,b,42.00,9.79,u,g,x,h,7.96,t,t,8,f,g,00000,0,positive
220,a,50.08,12.54,u,g,aa,v,2.29,t,t,3,t,g,00156,0,positive
499,b,20.42,7.0,u,g,c,v,1.625,t,t,3,f,g,00200,1391,positive
77,a,19.17,0.585,y,p,aa,v,0.585,t,f,0,t,g,00160,0,negative
606,b,16.17,0.04,u,g,c,v,0.04,f,f,0,f,g,00000,0,positive
569,a,35.75,0.915,u,g,aa,v,0.75,t,t,4,f,g,00000,1583,positive
210,b,39.33,5.875,u,g,cc,h,10.0,t,t,14,t,g,00399,0,positive
55,b,23.33,11.625,y,p,w,v,0.835,t,f,0,t,g,00160,300,positive
135,b,48.58,6.5,u,g,q,h,6.0,t,f,0,t,g,00350,0,positive
310,a,24.83,4.5,u,g,w,v,1.0,f,f,0,t,g,00360,6,negative
227,a,22.50,8.46,y,p,x,v,2.46,f,f,0,f,g,00164,0,positive
2,a,24.50,0.5,u,g,q,h,1.5,t,f,0,f,g,00280,824,positive
452,b,36.50,4.25,u,g,q,v,3.5,f,f,0,f,g,00454,50,negative
81,a,27.67,1.5,u,g,m,v,2.0,t,f,0,f,s,00368,0,negative
302,b,23.42,1.0,u,g,c,v,0.5,f,f,0,t,s,00280,0,negative
685,b,21.08,10.085,y,p,e,h,1.25,f,f,0,f,g,00260,0,negative
320,b,21.25,1.5,u,g,w,v,1.5,f,f,0,f,g,00150,8,positive
595,b,25.75,0.75,u,g,c,bb,0.25,t,f,0,f,g,00349,23,positive
120,b,39.92,6.21,u,g,q,v,0.04,t,t,1,f,g,00200,300,positive
671,b,25.83,12.835,u,g,cc,v,0.5,f,f,0,f,g,00000,2,negative
247,a,19.67,0.21,u,g,q,h,0.29,t,t,11,f,g,00080,99,positive
554,a,22.42,11.25,y,p,x,h,0.75,t,t,4,f,g,00000,321,positive
677,b,19.42,7.25,u,g,m,v,0.04,f,t,1,f,g,00100,1,negative
616,b,22.67,0.75,u,g,i,v,1.585,f,t,1,t,g,00400,9,negative
131,b,20.42,1.835,u,g,c,v,2.25,t,t,1,f,g,00100,150,positive
360,a,30.25,5.5,u,g,k,v,5.5,f,f,0,t,s,00100,0,negative
60,b,56.75,12.25,u,g,m,v,1.25,t,t,4,t,g,00200,0,positive
148,a,30.50,6.5,u,g,c,bb,4.0,t,t,7,t,g,00000,3065,positive
30,b,29.25,14.79,u,g,aa,v,5.04,t,t,5,t,g,00168,0,positive
69,b,35.17,25.125,u,g,x,h,1.625,t,t,1,t,g,00515,500,positive
493,a,20.50,11.835,u,g,c,h,6.0,t,f,0,f,g,00340,0,positive
223,a,18.83,9.54,u,g,aa,v,0.085,t,f,0,f,g,00100,0,positive
44,b,56.42,28.0,y,p,c,v,28.5,t,t,40,f,g,00000,15,positive
527,a,57.08,0.335,u,g,i,bb,1.0,t,f,0,t,g,00252,2197,negative
70,b,32.33,7.5,u,g,e,bb,1.585,t,f,0,t,s,00420,0,negative
182,a,20.67,3.0,u,g,q,v,0.165,t,t,3,f,g,00100,6,positive
164,a,60.58,16.5,u,g,q,v,11.0,t,f,0,t,g,00021,10561,positive
526,b,41.58,1.75,u,g,k,v,0.21,t,f,0,f,g,00160,0,negative
356,b,41.17,1.335,u,g,d,v,0.165,f,f,0,f,g,00168,0,negative
655,a,21.08,5.0,y,p,ff,ff,0.0,f,f,0,f,g,00000,0,negative
405,a,69.50,6.0,u,g,ff,ff,0.0,f,f,0,f,s,00000,0,negative
321,a,18.08,0.375,l,gg,cc,ff,10.0,f,f,0,t,s,00300,0,positive
248,,24.50,12.75,u,g,c,bb,4.75,t,t,2,f,g,00073,444,positive
536,a,24.92,1.25,u,g,ff,ff,0.0,t,f,0,f,g,00080,0,negative
65,b,34.17,1.54,u,g,cc,v,1.54,t,t,1,t,g,00520,50000,positive
525,b,45.17,1.5,u,g,c,v,2.5,t,f,0,t,g,00140,0,negative
49,b,23.92,0.665,u,g,c,v,0.165,f,f,0,f,g,00100,0,positive
118,b,57.83,7.04,u,g,m,v,14.0,t,t,6,t,g,00360,1332,positive
264,b,50.75,0.585,u,g,ff,ff,0.0,f,f,0,f,g,00145,0,negative
39,b,54.58,9.415,u,g,ff,ff,14.415,t,t,11,t,g,00030,300,positive
617,b,32.25,14.0,y,p,ff,ff,0.0,f,t,2,f,g,00160,1,negative
192,b,41.75,0.96,u,g,x,v,2.5,t,f,0,f,g,00510,600,positive
6,b,33.17,1.04,u,g,r,h,6.5,t,f,0,t,g,00164,31285,positive
101,b,35.25,16.5,y,p,c,v,4.0,t,f,0,f,g,00080,0,negative
155,a,21.67,11.5,y,p,j,j,0.0,t,t,11,t,g,00000,0,positive
296,b,69.17,9.0,u,g,ff,ff,4.0,f,t,1,f,g,00070,6,negative
231,a,47.42,3.0,u,g,x,v,13.875,t,t,2,t,g,00519,1704,positive
199,b,22.58,10.04,u,g,x,v,0.04,t,t,9,f,g,00060,396,positive
284,b,23.25,12.625,u,g,c,v,0.125,f,t,2,f,g,00000,5552,negative
145,b,32.83,2.5,u,g,cc,h,2.75,t,t,6,f,g,00160,2072,positive
341,b,42.75,4.085,u,g,aa,v,0.04,f,f,0,f,g,00108,100,negative
361,b,23.08,2.5,u,g,ff,ff,0.085,f,f,0,t,g,00100,4208,negative
213,b,23.08,11.5,u,g,i,v,3.5,t,t,9,f,g,00056,742,positive
686,a,22.67,0.75,u,g,c,v,2.0,f,t,2,t,g,00200,394,negative
669,b,51.83,2.04,y,p,ff,ff,1.5,f,f,0,f,g,00120,1,negative
86,b,,0.375,u,g,d,v,0.875,t,f,0,t,s,00928,0,negative
354,b,36.67,2.0,u,g,i,v,0.25,f,f,0,t,g,00221,0,negative
611,b,27.58,3.25,y,p,q,h,5.085,f,t,2,t,g,00369,1,negative
556,b,29.58,4.5,u,g,w,v,7.5,t,t,2,t,g,00330,0,positive
41,b,28.92,15.0,u,g,c,h,5.335,t,t,11,f,g,00000,2283,positive
108,b,40.92,2.25,y,p,x,h,10.0,t,f,0,t,g,00176,0,negative
639,b,35.58,0.75,u,g,k,v,1.5,f,f,0,t,g,00231,0,negative
56,b,23.17,0.0,u,g,cc,v,0.085,t,f,0,f,g,00000,0,positive
333,a,25.25,12.5,u,g,d,v,1.0,f,f,0,t,g,00180,1062,negative
507,a,24.75,3.0,u,g,q,h,1.835,t,t,19,f,g,00000,500,positive
24,a,41.17,6.5,u,g,q,v,0.5,t,t,3,t,g,00145,0,positive
158,b,28.00,2.0,u,g,k,h,4.165,t,t,2,t,g,00181,0,positive
518,a,28.17,0.375,u,g,q,v,0.585,t,t,4,f,g,00080,0,positive
278,b,24.58,13.5,y,p,ff,ff,0.0,f,f,0,f,g,,0,negative
110,b,29.17,3.5,u,g,w,v,3.5,t,t,3,t,g,00329,0,negative
82,b,39.83,0.5,u,g,m,v,0.25,t,f,0,f,s,00288,0,negative
51,b,26.00,1.0,u,g,q,v,1.75,t,f,0,t,g,00280,0,positive
218,b,53.92,9.625,u,g,e,v,8.665,t,t,5,f,g,00000,0,positive
552,b,34.75,15.0,u,g,r,n,5.375,t,t,9,t,g,00000,134,positive
446,b,16.50,0.125,u,g,c,v,0.165,f,f,0,f,g,00132,0,negative
292,b,25.42,0.54,u,g,w,v,0.165,f,t,1,f,g,00272,444,negative
314,b,16.25,0.0,y,p,aa,v,0.25,f,f,0,f,g,00060,0,negative
534,b,31.83,2.5,u,g,aa,v,7.5,t,f,0,t,g,00523,0,negative
18,b,21.83,0.25,u,g,d,h,0.665,t,f,0,t,g,00000,0,positive
650,b,48.08,3.75,u,g,i,bb,1.0,f,f,0,f,g,00100,2,negative
487,b,24.50,13.335,y,p,aa,v,0.04,f,f,0,t,g,00120,475,negative
424,b,33.67,2.165,u,g,c,v,1.5,f,f,0,f,p,00120,0,negative
608,b,,0.04,y,p,d,v,4.25,f,f,0,t,g,00460,0,negative
61,b,31.67,16.165,u,g,d,v,3.0,t,t,9,f,g,00250,730,positive
631,a,27.25,0.29,u,g,m,h,0.125,f,t,1,t,g,00272,108,negative
501,b,39.00,5.0,u,g,cc,v,3.5,t,t,10,t,g,00000,0,positive
29,b,42.08,1.04,u,g,w,v,5.0,t,t,6,t,g,00500,10000,positive
181,a,21.25,2.335,u,g,i,bb,0.5,t,t,4,f,s,00080,0,positive
412,a,22.67,0.79,u,g,i,v,0.085,f,f,0,f,g,00144,0,negative
467,a,30.42,1.375,u,g,w,h,0.04,f,t,3,f,g,00000,33,negative
490,a,47.25,0.75,u,g,q,h,2.75,t,t,1,f,g,00333,892,positive
431,b,22.92,3.165,y,p,c,v,0.165,f,f,0,f,g,00160,1058,negative
420,b,35.00,2.5,u,g,i,v,1.0,f,f,0,t,g,00210,0,negative
363,b,16.92,0.335,y,p,k,v,0.29,f,f,0,f,s,00200,0,negative
338,a,33.25,3.0,y,p,aa,v,2.0,f,f,0,f,g,00180,0,negative
377,b,20.67,0.835,y,p,c,v,2.0,f,f,0,t,s,00240,0,negative
425,b,24.58,1.25,u,g,c,v,0.25,f,f,0,f,g,00110,0,negative
599,b,20.50,2.415,u,g,c,v,2.0,t,t,11,t,g,00200,3000,positive
357,a,19.50,0.165,u,g,q,v,0.04,f,f,0,t,g,00380,0,negative
215,b,48.17,3.5,u,g,aa,v,3.5,t,f,0,f,s,00230,0,positive
629,a,19.58,0.665,u,g,w,v,1.665,f,f,0,f,g,00220,5,negative
390,b,15.17,7.0,u,g,e,v,1.0,f,f,0,f,g,00600,0,negative
174,b,22.67,10.5,u,g,q,h,1.335,t,f,0,f,g,00100,0,positive
647,b,24.08,9.0,u,g,aa,v,0.25,f,f,0,t,g,00000,0,negative
163,b,32.00,1.75,y,p,e,h,0.04,t,f,0,t,g,00393,0,positive
380,b,43.17,5.0,u,g,i,bb,2.25,f,f,0,t,g,00141,0,negative
603,b,20.08,0.25,u,g,q,v,0.125,f,f,0,f,g,00200,0,negative
432,b,21.83,1.54,u,g,k,v,0.085,f,f,0,t,g,00356,0,negative
340,a,39.08,4.0,u,g,c,v,3.0,f,f,0,f,g,00480,0,negative
275,b,18.58,5.71,u,g,d,v,0.54,f,f,0,f,g,00120,0,negative
482,a,17.33,9.5,u,g,aa,v,1.75,f,t,10,t,g,00000,10,negative
104,b,27.83,4.0,y,p,i,h,5.75,t,t,2,t,g,00075,0,negative
114,b,20.67,1.25,y,p,c,h,1.375,t,t,3,t,g,00140,210,negative
618,b,29.58,4.75,u,g,m,v,2.0,f,t,1,t,g,00460,68,negative
208,b,35.17,2.5,u,g,k,v,4.5,t,t,7,f,g,00150,1270,positive
260,b,32.75,2.335,u,g,d,h,5.75,f,f,0,t,g,00292,0,negative
92,b,,5.0,y,p,aa,v,8.5,t,f,0,f,g,00000,0,negative
7,a,22.92,11.585,u,g,cc,v,0.04,t,f,0,f,g,00080,1349,positive
89,a,49.00,1.5,u,g,j,j,0.0,t,f,0,t,g,00100,27,negative
522,b,22.83,3.0,u,g,m,v,1.29,t,t,1,f,g,00260,800,positive
395,a,33.08,1.625,u,g,d,v,0.54,f,f,0,t,g,00000,0,negative
515,b,,10.5,u,g,x,v,6.5,t,f,0,f,g,00000,0,positive
367,b,39.42,1.71,y,p,m,v,0.165,f,f,0,f,s,00400,0,negative
539,b,80.25,5.5,u,g,,,0.54,t,f,0,f,g,00000,340,negative
204,b,36.33,2.125,y,p,w,v,0.085,t,t,1,f,g,00050,1187,positive
140,a,31.25,3.75,u,g,cc,h,0.625,t,t,9,t,g,00181,0,positive
28,b,57.42,8.5,u,g,e,h,7.0,t,t,3,f,g,00000,0,positive
43,b,39.58,13.915,u,g,w,v,8.625,t,t,6,t,g,00070,0,positive
42,b,29.67,1.415,u,g,w,h,0.75,t,t,1,f,g,00240,100,positive
73,b,44.25,0.5,u,g,m,v,10.75,t,f,0,f,s,00400,0,negative
167,a,32.33,0.54,u,g,cc,v,0.04,t,f,0,f,g,00440,11177,positive
209,b,39.50,4.25,u,g,c,bb,6.5,t,t,16,f,g,00117,1210,positive
601,,42.25,1.75,y,p,,,0.0,f,f,0,t,g,00150,1,negative
66,a,36.00,1.0,u,g,c,v,2.0,t,t,11,f,g,00000,456,positive
11,b,29.92,1.835,u,g,c,h,4.335,t,f,0,f,g,00260,200,positive
674,a,37.33,2.5,u,g,i,h,0.21,f,f,0,f,g,00260,246,negative
559,a,22.83,2.29,u,g,q,h,2.29,t,t,7,t,g,00140,2384,positive
178,a,18.42,9.25,u,g,q,v,1.21,t,t,4,f,g,00060,540,positive
265,b,17.08,0.085,y,p,c,v,0.04,f,f,0,f,g,00140,722,negative
352,b,22.50,11.5,y,p,m,v,1.5,f,f,0,t,g,00000,4000,negative
529,b,43.25,25.21,u,g,q,h,0.21,t,t,1,f,g,00760,90,negative
409,b,17.08,0.25,u,g,q,v,0.335,f,t,4,f,g,00160,8,negative
588,b,26.67,1.75,y,p,c,v,1.0,t,t,5,t,g,00160,5777,positive
177,a,26.08,8.665,u,g,aa,v,1.415,t,f,0,f,g,00160,150,positive
449,b,20.00,7.0,u,g,c,v,0.5,f,f,0,f,g,00000,0,negative
656,b,25.67,3.25,u,g,c,h,2.29,f,t,1,t,g,00416,21,negative
83,a,,3.5,u,g,d,v,3.0,t,f,0,t,g,00300,0,negative
447,a,27.33,1.665,u,g,ff,ff,0.0,f,f,0,f,g,00340,1,negative
349,b,27.83,1.5,u,g,w,v,2.25,f,t,1,t,g,00100,3,negative
453,,29.75,0.665,u,g,w,v,0.25,f,f,0,t,g,00300,0,negative
79,b,21.50,9.75,u,g,c,v,0.25,t,f,0,f,g,00140,0,negative
23,a,27.42,14.5,u,g,x,h,3.085,t,t,1,f,g,00120,11,positive
15,b,36.67,4.415,y,p,k,v,0.25,t,t,10,t,g,00320,0,positive
375,a,20.83,0.5,y,p,e,dd,1.0,f,f,0,f,g,00260,0,negative
234,a,58.42,21.0,u,g,i,bb,10.0,t,t,13,f,g,00000,6700,positive
644,b,36.17,0.42,y,p,w,v,0.29,f,f,0,t,g,00309,2,negative
271,b,32.33,2.5,u,g,c,v,1.25,f,f,0,t,g,00280,0,negative
311,b,19.00,1.75,y,p,c,v,2.335,f,f,0,t,g,00112,6,negative
382,a,24.33,2.5,y,p,i,bb,4.5,f,f,0,f,g,00200,456,negative
137,b,33.58,2.75,u,g,m,v,4.25,t,t,6,f,g,00204,0,positive
346,,32.25,1.5,u,g,c,v,0.25,f,f,0,t,g,00372,122,negative
326,b,30.17,1.085,y,p,c,v,0.04,f,f,0,f,g,00170,179,negative
33,a,36.75,5.125,u,g,e,v,5.0,t,f,0,t,g,00000,4000,positive
426,a,27.67,2.04,u,g,w,v,0.25,f,f,0,t,g,00180,50,negative
477,b,39.17,2.5,y,p,i,h,10.0,f,f,0,t,s,00200,0,negative
9,b,42.50,4.915,y,p,w,v,3.165,t,f,0,t,g,00052,1442,positive
22,a,47.75,8.0,u,g,c,v,7.875,t,t,6,t,g,00000,1260,positive
300,a,57.58,2.0,u,g,ff,ff,6.5,f,t,1,f,g,00000,10,negative
221,b,65.42,11.0,u,g,e,z,20.0,t,t,7,t,g,00022,0,positive
398,b,26.17,12.5,y,p,k,h,1.25,f,f,0,t,g,00000,17,negative
675,a,41.58,1.04,u,g,aa,v,0.665,f,f,0,f,g,00240,237,negative
550,b,76.75,22.29,u,g,e,z,12.75,t,t,1,t,g,00000,109,positive
84,b,27.25,0.625,u,g,aa,v,0.455,t,f,0,t,g,00200,0,negative
331,a,33.25,2.5,y,p,c,v,2.5,f,f,0,t,g,00000,2,negative
332,b,34.08,2.5,u,g,c,v,1.0,f,f,0,f,g,00460,16,negative
578,b,39.17,1.625,u,g,c,v,1.5,t,t,10,f,g,00186,4700,positive
259,a,24.50,1.75,y,p,c,v,0.165,f,f,0,f,g,00132,0,negative
203,a,20.75,10.25,u,g,q,v,0.71,t,t,2,t,g,00049,0,positive
196,b,33.17,3.165,y,p,x,v,3.165,t,t,3,t,g,00380,0,positive
651,a,15.83,7.625,u,g,q,v,0.125,f,t,1,t,g,00000,160,negative
513,b,20.25,9.96,u,g,e,dd,0.0,t,f,0,f,g,00000,0,positive
393,b,24.75,0.54,u,g,m,v,1.0,f,f,0,t,g,00120,1,negative
93,b,52.33,1.375,y,p,c,h,9.46,t,f,0,t,g,00200,100,negative
623,b,18.83,0.0,u,g,q,v,0.665,f,f,0,f,g,00160,1,negative
291,a,18.25,10.0,u,g,w,v,1.0,f,t,1,f,g,00120,1,negative
299,b,22.17,12.125,u,g,c,v,3.335,f,t,2,t,g,00180,173,negative
369,b,21.42,0.75,y,p,r,n,0.75,f,f,0,t,g,00132,2,negative
184,a,22.42,5.665,u,g,q,v,2.585,t,t,7,f,g,00129,3257,positive
567,a,25.17,2.875,u,g,x,h,0.875,t,f,0,f,g,00360,0,positive
290,b,23.00,0.75,u,g,m,v,0.5,f,f,0,t,s,00320,0,negative
153,b,23.08,2.5,u,g,c,v,1.085,t,t,11,t,g,00060,2184,positive
75,b,20.67,5.29,u,g,q,v,0.375,t,t,1,f,g,00160,0,negative
328,b,34.83,2.5,y,p,w,v,3.0,f,f,0,f,s,00200,0,negative
68,b,19.42,6.5,u,g,w,h,1.46,t,t,7,f,g,00080,2954,positive
533,b,40.92,0.835,u,g,ff,ff,0.0,t,f,0,f,g,00130,1,negative
188,a,28.67,1.04,u,g,c,v,2.5,t,t,5,t,g,00300,1430,positive
236,b,26.17,0.25,u,g,i,bb,0.0,t,f,0,t,g,00000,0,positive
88,b,34.00,4.5,u,g,aa,v,1.0,t,f,0,t,g,00240,0,negative
581,b,41.00,0.04,u,g,e,v,0.04,f,t,1,f,s,00560,0,positive
117,b,52.50,6.5,u,g,k,v,6.29,t,t,15,f,g,00000,11202,positive
125,b,34.92,5.0,u,g,x,h,7.5,t,t,6,t,g,00000,1000,positive
637,b,19.50,9.585,u,g,aa,v,0.79,f,f,0,f,g,00080,350,negative
238,b,42.83,4.625,u,g,q,v,4.58,t,f,0,f,s,00000,0,positive
0,b,30.83,0.0,u,g,w,v,1.25,t,t,1,f,g,00202,0,positive
682,b,17.08,3.29,u,g,i,v,0.335,f,f,0,t,g,00140,2,negative
548,b,33.17,1.0,u,g,x,v,0.75,t,t,7,t,g,00340,4071,positive
468,b,22.08,2.335,u,g,k,v,0.75,f,f,0,f,g,00180,0,negative
417,b,23.58,1.79,u,g,c,v,0.54,f,f,0,t,g,00136,1,negative
116,b,37.75,7.0,u,g,q,h,11.5,t,t,7,t,g,00300,5,negative
228,b,19.67,0.375,u,g,q,v,2.0,t,t,2,t,g,00080,0,positive
306,b,23.50,2.75,u,g,ff,ff,4.5,f,f,0,f,g,00160,25,negative
589,b,25.33,0.58,u,g,c,v,0.29,t,t,7,t,g,00096,5124,positive
274,b,30.67,2.5,u,g,cc,h,2.25,f,f,0,t,s,00340,0,negative
436,b,19.58,0.585,u,g,ff,ff,0.0,f,t,3,f,g,00350,769,negative
144,b,27.25,1.665,u,g,cc,h,5.085,t,t,9,f,g,00399,827,positive
542,b,19.67,10.0,y,p,k,h,0.835,t,f,0,t,g,00140,0,negative
633,b,32.42,2.165,y,p,k,ff,0.0,f,f,0,f,g,00120,0,negative
622,a,25.58,0.0,,,,,0.0,f,f,0,f,p,,0,positive
605,a,29.58,1.75,y,p,k,v,1.25,f,f,0,t,g,00280,0,negative
268,b,59.67,1.54,u,g,q,v,0.125,t,f,0,t,g,00260,0,positive
678,a,17.92,10.21,u,g,ff,ff,0.0,f,f,0,f,g,00000,50,negative
46,a,41.00,2.04,y,p,q,h,0.125,t,t,23,t,g,00455,1236,positive
261,a,52.17,0.0,y,p,ff,ff,0.0,f,f,0,f,g,00000,0,negative
195,b,28.25,5.04,y,p,c,bb,1.5,t,t,8,t,g,00144,7,positive
689,b,35.00,3.375,u,g,c,h,8.29,f,f,0,t,g,00000,0,negative
574,a,20.33,10.0,u,g,c,h,1.0,t,t,4,f,g,00050,1465,positive
107,a,25.00,11.0,y,p,aa,v,4.5,t,f,0,f,g,00120,0,negative
538,b,34.25,1.75,u,g,w,bb,0.25,t,f,0,t,g,00163,0,negative
514,b,22.67,2.54,y,p,c,h,2.585,t,f,0,f,g,00000,0,positive
319,b,36.75,0.125,y,p,c,v,1.5,f,f,0,t,g,00232,113,positive
100,b,37.50,1.75,y,p,c,bb,0.25,t,f,0,t,g,00164,400,negative
457,b,29.67,0.75,y,p,c,v,0.04,f,f,0,f,g,00240,0,negative
615,b,29.42,1.25,u,g,c,h,0.25,f,t,2,t,g,00400,108,negative
329,b,,4.0,y,p,i,v,0.085,f,f,0,t,g,00411,0,negative
179,b,20.17,8.17,u,g,aa,v,1.96,t,t,14,f,g,00060,158,positive
304,a,24.75,13.665,u,g,q,h,1.5,f,f,0,f,g,00280,1,negative
344,b,38.92,1.75,u,g,k,v,0.5,f,f,0,t,g,00300,2,negative
149,a,52.83,15.0,u,g,c,v,5.5,t,t,14,f,g,00000,2200,positive
124,a,23.50,9.0,u,g,q,v,8.5,t,t,5,t,g,00120,0,positive
545,b,44.25,11.0,y,p,d,v,1.5,t,f,0,f,s,00000,0,negative
596,a,46.08,3.0,u,g,c,v,2.375,t,t,8,t,g,00396,4159,positive
185,b,48.75,8.5,u,g,c,h,12.5,t,t,9,f,g,00181,1655,positive
422,b,29.42,1.25,u,g,w,v,1.75,f,f,0,f,g,00200,0,negative
388,b,26.67,14.585,u,g,i,bb,0.0,f,f,0,t,g,00178,0,negative
680,b,19.50,0.29,u,g,k,v,0.29,f,f,0,f,g,00280,364,negative
632,a,38.75,1.5,u,g,ff,ff,0.0,f,f,0,f,g,00076,0,negative
635,b,18.17,2.46,u,g,c,n,0.96,f,t,2,t,g,00160,587,negative
142,b,43.00,0.29,y,p,cc,h,1.75,t,t,8,f,g,00100,375,positive
141,a,56.50,16.0,u,g,j,ff,0.0,t,t,15,f,g,00000,247,positive
626,b,22.00,7.835,y,p,i,bb,0.165,f,f,0,t,g,,0,negative
19,a,19.17,8.585,u,g,cc,h,0.75,t,t,7,f,g,00096,0,positive
172,b,56.00,12.5,u,g,k,h,8.0,t,f,0,t,g,00024,2028,positive
557,a,32.17,1.46,u,g,w,v,1.085,t,t,16,f,g,00120,2079,positive
312,a,16.33,0.21,u,g,aa,v,0.125,f,f,0,f,g,00200,1,negative
641,,33.17,2.25,y,p,cc,v,3.5,f,f,0,t,g,00200,141,negative
12,a,38.25,6.0,u,g,k,v,1.0,t,f,0,t,g,00000,0,positive
305,b,48.75,26.335,y,p,ff,ff,0.0,t,f,0,t,g,00000,0,negative
25,a,15.83,0.585,u,g,c,h,1.5,t,t,2,f,g,00100,0,positive
512,a,44.33,0.0,u,g,c,v,2.5,t,f,0,f,g,00000,0,positive
169,b,37.50,1.125,y,p,d,v,1.5,f,f,0,t,g,00431,0,positive
532,b,43.17,2.25,u,g,i,bb,0.75,t,f,0,f,g,00560,0,negative
408,b,16.00,3.125,u,g,w,v,0.085,f,t,1,f,g,00000,6,negative
245,b,33.17,3.04,y,p,c,h,2.04,t,t,1,t,g,00180,18027,positive
298,b,16.33,2.75,u,g,aa,v,0.665,f,t,1,f,g,00080,21,negative
428,b,49.17,2.29,u,g,ff,ff,0.29,f,f,0,f,g,00200,3,negative
272,b,18.08,6.75,y,p,m,v,0.04,f,f,0,f,g,00140,0,negative
154,b,32.75,1.5,u,g,cc,h,5.5,t,t,3,t,g,00000,0,positive
126,b,47.67,2.5,u,g,m,bb,2.5,t,t,12,t,g,00410,2510,positive
464,a,23.00,1.835,u,g,j,j,0.0,f,t,1,f,g,00200,53,negative
287,b,29.50,0.58,u,g,w,v,0.29,f,t,1,f,g,00340,2803,negative
113,a,33.75,0.75,u,g,k,bb,1.0,t,t,3,t,g,00212,0,negative
362,b,26.83,0.54,u,g,k,ff,0.0,f,f,0,f,g,00100,0,negative
173,a,49.83,13.585,u,g,k,h,8.5,t,f,0,t,g,00000,0,positive
350,a,26.17,2.0,u,g,j,j,0.0,f,f,0,t,g,00276,1,negative
57,b,44.33,0.5,u,g,i,h,5.0,t,f,0,t,g,00320,0,positive
437,a,53.33,0.165,u,g,ff,ff,0.0,f,f,0,t,s,00062,27,negative
222,a,17.58,9.0,u,g,aa,v,1.375,t,f,0,t,g,00000,0,positive
280,b,21.17,0.875,y,p,c,h,0.25,f,f,0,f,g,00280,204,negative
17,a,23.25,5.875,u,g,q,v,3.17,t,t,10,f,g,00120,245,positive
399,b,31.00,2.085,u,g,c,v,0.085,f,f,0,f,g,00300,0,negative
322,a,33.67,0.375,u,g,cc,v,0.375,f,f,0,f,g,00300,44,positive
255,b,18.17,10.25,u,g,c,h,1.085,f,f,0,f,g,00320,13,negative
411,b,25.17,3.0,u,g,c,v,1.25,f,t,1,f,g,00000,22,negative
660,b,22.25,9.0,u,g,aa,v,0.085,f,f,0,f,g,00000,0,negative
190,b,21.33,10.5,u,g,c,v,3.0,t,f,0,t,g,00000,0,positive
465,a,27.58,3.0,u,g,m,v,2.79,f,t,1,t,g,00280,10,negative
607,b,32.33,3.5,u,g,k,v,0.5,f,f,0,t,g,00232,0,negative
591,b,27.00,0.75,u,g,c,h,4.25,t,t,3,t,g,00312,150,positive
94,b,28.75,1.5,y,p,c,v,1.5,t,f,0,t,g,00000,225,negative
180,b,47.67,0.29,u,g,c,bb,15.0,t,t,20,f,g,00000,15000,positive
301,b,18.25,0.165,u,g,d,v,0.25,f,f,0,t,s,00280,0,negative
429,b,33.58,0.335,y,p,cc,v,0.085,f,f,0,f,g,00180,0,negative
503,b,28.25,5.125,u,g,x,v,4.75,t,t,2,f,g,00420,7,positive
448,b,31.25,1.125,u,g,ff,ff,0.0,f,t,1,f,g,00096,19,negative
445,a,,11.25,u,g,ff,ff,0.0,f,f,0,f,g,,5200,negative
473,b,19.17,4.0,y,p,i,v,1.0,f,f,0,t,g,00360,1000,negative
5,b,32.08,4.0,u,g,m,v,2.5,t,f,0,t,g,00360,0,positive
45,b,54.33,6.75,u,g,c,h,2.625,t,t,11,t,g,00000,284,positive
570,b,59.50,2.75,u,g,w,v,1.75,t,t,5,t,g,00060,58,positive
519,b,39.17,1.71,u,g,x,v,0.125,t,t,5,t,g,00480,0,positive
171,b,41.33,0.0,u,g,c,bb,15.0,t,f,0,f,g,00000,0,positive
16,b,28.25,0.875,u,g,m,v,0.96,t,t,3,t,g,00396,0,positive
48,b,41.50,1.54,u,g,i,bb,3.5,f,f,0,f,g,00216,0,positive
666,a,21.75,11.75,u,g,c,v,0.25,f,f,0,t,g,00180,0,negative
630,a,22.92,1.25,u,g,q,v,0.25,f,f,0,t,g,00120,809,negative
3,b,27.83,1.54,u,g,w,v,3.75,t,t,5,t,g,00100,3,positive
443,b,17.25,3.0,u,g,k,v,0.04,f,f,0,t,g,00160,40,negative
627,b,36.08,2.54,u,g,ff,ff,0.0,f,f,0,f,g,00000,1000,negative
316,b,21.17,0.25,y,p,c,h,0.25,f,f,0,f,g,00280,204,negative
634,a,23.75,0.71,u,g,w,v,0.25,f,t,1,t,g,00240,4,negative
283,a,16.50,1.25,u,g,q,v,0.25,f,t,1,f,g,00108,98,negative
494,a,18.83,4.415,y,p,c,h,3.0,t,f,0,f,g,00240,0,positive
285,b,17.58,10.0,u,g,w,h,0.165,f,t,1,f,g,00120,1,negative
434,b,58.58,2.71,u,g,c,v,2.415,f,f,0,t,g,00320,0,negative
225,b,23.25,4.0,u,g,c,bb,0.25,t,f,0,t,g,00160,0,positive
26,a,47.00,13.0,u,g,i,bb,5.165,t,t,9,t,g,00000,0,positive
541,b,42.75,3.0,u,g,i,bb,1.0,t,f,0,f,g,00000,200,negative
263,a,20.42,10.5,y,p,x,h,0.0,f,f,0,t,g,00154,32,negative
50,a,25.75,0.5,u,g,c,h,0.875,t,f,0,t,g,00491,0,positive
364,b,24.42,2.0,u,g,e,dd,0.165,f,t,2,f,g,00320,1300,negative
229,b,22.08,11.0,u,g,cc,v,0.665,t,f,0,f,g,00100,0,positive
37,a,23.00,11.75,u,g,x,h,0.5,t,t,2,t,g,00300,551,positive
157,a,68.67,15.0,u,g,e,z,0.0,t,t,14,f,g,00000,3376,positive
237,b,21.33,7.5,u,g,aa,v,1.415,t,t,1,f,g,00080,9800,positive
672,a,50.25,0.835,u,g,aa,v,0.5,f,f,0,t,g,00240,117,negative
374,,28.17,0.585,u,g,aa,v,0.04,f,f,0,f,g,00260,1004,negative
370,b,33.00,2.5,y,p,w,v,7.0,f,f,0,t,g,00280,0,negative
175,b,27.00,1.5,y,p,w,v,0.375,t,f,0,t,g,00260,1065,positive
582,b,48.50,4.25,u,g,m,v,0.125,t,f,0,t,g,00225,0,positive
547,b,23.92,1.5,u,g,d,h,1.875,t,t,6,f,g,00200,327,positive
506,a,18.92,9.0,u,g,aa,v,0.75,t,t,2,f,g,00088,591,positive
194,b,34.50,4.04,y,p,i,bb,8.5,t,t,7,t,g,00195,0,positive
584,a,28.08,15.0,y,p,e,z,0.0,t,f,0,f,g,00000,13212,positive
593,b,34.17,5.25,u,g,w,v,0.085,f,f,0,t,g,00290,6,positive
430,b,51.83,3.0,y,p,ff,ff,1.5,f,f,0,f,g,00180,4,negative
439,b,25.92,0.875,u,g,k,v,0.375,f,t,2,t,g,00174,3,negative
653,b,21.50,11.5,u,g,i,v,0.5,t,f,0,t,g,00100,68,negative
665,b,31.83,0.04,y,p,m,v,0.04,f,f,0,f,g,00000,0,negative
571,b,21.00,3.0,y,p,d,v,1.085,t,t,8,t,g,00160,1,positive
590,b,30.17,6.5,u,g,cc,v,3.125,t,t,8,f,g,00330,1200,positive
67,b,25.50,0.375,u,g,m,v,0.25,t,t,3,f,g,00260,15108,positive
688,b,17.92,0.205,u,g,aa,v,0.04,f,f,0,f,g,00280,750,negative
168,b,36.67,3.25,u,g,q,h,9.0,t,f,0,t,g,00102,639,positive
528,a,55.75,7.08,u,g,k,h,6.75,t,t,3,t,g,00100,50,negative
162,b,25.08,1.71,u,g,x,v,1.665,t,t,1,t,g,00395,20,positive
309,a,31.75,3.0,y,p,j,j,0.0,f,f,0,f,g,00160,20,negative
193,b,22.67,1.585,y,p,w,v,3.085,t,t,6,f,g,00080,0,positive
470,a,21.92,11.665,u,g,k,h,0.085,f,f,0,f,g,00320,5,negative
365,b,42.83,1.25,u,g,m,v,13.875,f,t,1,t,g,00352,112,negative
383,a,56.83,4.25,y,p,ff,ff,5.0,f,f,0,t,g,00000,4,negative
620,b,22.17,2.25,u,g,i,v,0.125,f,f,0,f,g,00160,10,negative
488,b,18.83,3.54,y,p,ff,ff,0.0,f,f,0,t,g,00180,1,negative
152,b,37.33,6.5,u,g,m,h,4.25,t,t,12,t,g,00093,0,positive
444,a,17.67,0.0,y,p,j,ff,0.0,f,f,0,f,g,00086,0,negative
456,b,34.58,0.0,,,,,0.0,f,f,0,f,p,,0,negative
226,b,18.08,5.5,u,g,k,v,0.5,t,f,0,f,g,00080,0,positive
480,a,16.92,0.5,u,g,i,v,0.165,f,t,6,t,g,00240,35,negative
551,b,51.33,10.0,u,g,i,bb,0.0,t,t,11,f,g,00000,1249,positive
103,b,25.00,12.0,u,g,k,v,2.25,t,t,2,t,g,00120,5,negative
421,b,20.42,1.085,u,g,q,v,1.5,f,f,0,f,g,00108,7,negative
483,b,23.75,0.415,y,p,c,v,0.04,f,t,2,f,g,00128,6,negative
521,a,30.00,5.29,u,g,e,dd,2.25,t,t,5,t,g,00099,500,positive
74,b,44.83,7.0,y,p,c,v,1.625,f,f,0,f,g,00160,2,negative
115,a,25.42,1.125,u,g,q,v,1.29,t,t,2,f,g,00200,0,negative
407,a,19.58,0.665,y,p,c,v,1.0,f,t,1,f,g,02000,2,negative
664,b,31.08,1.5,y,p,w,v,0.04,f,f,0,f,s,00160,0,negative
119,a,20.75,10.335,u,g,cc,h,0.335,t,t,1,t,g,00080,50,positive
53,b,34.92,2.5,u,g,w,v,0.0,t,f,0,t,g,00239,200,positive
151,a,58.33,10.0,u,g,q,v,4.0,t,t,14,f,g,00000,1602,positive
403,a,22.67,0.335,u,g,q,v,0.75,f,f,0,f,s,00160,0,negative
649,a,35.17,3.75,u,g,ff,ff,0.0,f,t,6,f,g,00000,200,negative
207,b,28.67,9.335,u,g,q,h,5.665,t,t,6,f,g,00381,168,positive
451,b,39.50,1.625,u,g,c,v,1.5,f,f,0,f,g,00000,316,negative
479,,26.50,2.71,y,p,,,0.085,f,f,0,f,s,00080,0,negative
575,b,32.25,0.165,y,p,c,h,3.25,t,t,1,t,g,00432,8000,positive
531,a,24.58,0.67,u,g,aa,h,1.75,t,f,0,f,g,00400,0,negative
8,b,54.42,0.5,y,p,k,h,3.96,t,f,0,f,g,00180,314,positive
619,b,18.42,10.415,y,p,aa,v,0.125,t,f,0,f,g,00120,375,negative
36,b,27.25,1.585,u,g,cc,h,1.835,t,t,12,t,g,00583,713,positive
139,a,26.92,13.5,u,g,q,h,5.0,t,t,2,f,g,00000,5000,positive
253,b,23.17,11.125,u,g,x,h,0.46,t,t,1,f,g,00100,0,positive
303,a,15.92,2.875,u,g,q,v,0.085,f,f,0,f,g,00120,0,negative
517,b,16.08,0.75,u,g,c,v,1.75,t,t,5,t,g,00352,690,positive
642,b,31.58,0.75,y,p,aa,v,3.5,f,f,0,t,g,00320,0,negative
368,a,23.58,11.5,y,p,k,h,3.0,f,f,0,t,g,00020,16,negative
59,b,43.25,3.0,u,g,q,h,6.0,t,t,11,f,g,00080,0,positive
111,a,24.50,1.04,y,p,ff,ff,0.5,t,t,3,f,g,00180,147,negative
481,b,23.50,3.165,y,p,k,v,0.415,f,t,1,t,g,00280,80,negative
495,b,19.17,9.5,u,g,w,v,1.5,t,f,0,f,g,00120,2206,positive
485,b,74.83,19.0,y,p,ff,ff,0.04,f,t,2,f,g,00000,351,negative
262,a,48.17,1.335,u,g,i,o,0.335,f,f,0,f,g,00000,120,negative
577,b,25.17,6.0,u,g,c,v,1.0,t,t,3,f,g,00000,0,positive
297,b,32.92,2.5,u,g,aa,v,1.75,f,t,2,t,g,00720,0,negative
414,b,22.25,0.46,u,g,k,v,0.125,f,f,0,t,g,00280,55,negative
150,a,46.67,0.46,u,g,cc,h,0.415,t,t,11,t,g,00440,6,positive
433,b,25.25,1.0,u,g,aa,v,0.5,f,f,0,f,g,00200,0,negative
440,b,23.08,0.0,u,g,k,v,1.0,f,t,11,f,s,00000,0,negative
266,b,18.33,1.21,y,p,e,dd,0.0,f,f,0,f,g,00100,0,negative
598,,20.08,0.125,u,g,q,v,1.0,f,t,1,f,g,00240,768,positive
359,a,36.75,4.71,u,g,ff,ff,0.0,f,f,0,f,g,00160,0,negative
610,b,20.00,1.25,y,p,k,v,0.125,f,f,0,f,g,00140,4,negative
38,b,27.75,0.585,y,p,cc,v,0.25,t,t,2,f,g,00260,500,positive
127,b,22.75,11.0,u,g,q,v,2.5,t,t,7,t,g,00100,809,positive
423,b,26.17,0.835,u,g,cc,v,1.165,f,f,0,f,g,00100,0,negative
416,b,22.50,0.125,y,p,k,v,0.125,f,f,0,f,g,00200,70,negative
307,b,18.58,10.29,u,g,ff,ff,0.415,f,f,0,f,g,00080,0,negative
198,b,27.58,2.04,y,p,aa,v,2.0,t,t,3,t,g,00370,560,positive
351,b,22.17,0.585,y,p,ff,ff,0.0,f,f,0,f,g,00100,0,negative
486,b,28.17,0.125,y,p,k,v,0.085,f,f,0,f,g,00216,2100,negative
146,b,23.25,1.5,u,g,q,v,2.375,t,t,3,t,g,00000,582,positive
450,b,,3.0,y,p,i,bb,7.0,f,f,0,f,g,00000,1,negative
638,b,28.58,3.625,u,g,aa,v,0.25,f,f,0,t,g,00100,0,negative
516,a,60.92,5.0,u,g,aa,v,4.0,t,t,4,f,g,00000,99,positive
419,a,26.58,2.54,y,p,ff,ff,0.0,f,f,0,t,g,00180,60,negative
442,b,30.58,2.71,y,p,m,v,0.125,f,f,0,t,s,00080,0,negative
612,b,22.00,0.79,u,g,w,v,0.29,f,t,1,f,g,00420,283,negative
147,a,40.33,7.54,y,p,q,h,8.0,t,t,14,f,g,00000,2300,positive
558,b,51.42,0.04,u,g,x,h,0.04,t,f,0,f,g,00000,3000,positive
348,b,63.33,0.54,u,g,c,v,0.585,t,t,3,t,g,00180,0,negative
463,a,36.58,0.29,u,g,ff,ff,0.0,f,t,10,f,g,00200,18,negative
325,a,29.50,1.085,y,p,x,v,1.0,f,f,0,f,g,00280,13,negative
186,b,40.00,6.5,u,g,aa,bb,3.5,t,t,1,f,g,00000,500,positive
123,a,44.17,6.665,u,g,q,v,7.375,t,t,3,t,g,00000,0,positive
583,b,32.67,9.0,y,p,w,h,5.25,t,f,0,t,g,00154,0,positive
96,b,23.00,0.625,y,p,aa,v,0.125,t,f,0,f,g,00180,1,negative
143,b,22.33,11.0,u,g,w,v,2.0,t,t,1,f,g,00080,278,positive
239,b,38.17,10.125,u,g,x,v,2.5,t,t,6,f,g,00520,196,positive
394,b,41.17,1.25,y,p,w,v,0.25,f,f,0,f,g,00000,195,negative
469,b,16.33,4.085,u,g,i,h,0.415,f,f,0,t,g,00120,0,negative
197,b,48.17,7.625,u,g,w,h,15.5,t,t,12,f,g,00000,790,positive
97,b,,0.5,u,g,c,bb,0.835,t,f,0,t,s,00320,0,negative
371,b,26.33,13.0,u,g,e,dd,0.0,f,f,0,t,g,00140,1110,negative
324,b,33.67,1.25,u,g,w,v,1.165,f,f,0,f,g,00120,0,negative
279,b,16.25,0.835,u,g,m,v,0.085,t,f,0,f,s,00200,0,negative
293,b,35.75,2.415,u,g,w,v,0.125,f,t,2,f,g,00220,1,negative
254,b,,0.625,u,g,k,v,0.25,f,f,0,f,g,00380,2010,negative
400,b,20.75,5.085,y,p,j,v,0.29,f,f,0,f,g,00140,184,negative
122,a,24.75,12.5,u,g,aa,v,1.5,t,t,12,t,g,00120,567,positive
183,a,57.08,19.5,u,g,c,v,5.5,t,t,7,f,g,00000,3000,positive
202,b,24.83,2.75,u,g,c,v,2.25,t,t,6,f,g,,600,positive
438,a,27.17,1.25,u,g,ff,ff,0.0,f,t,1,f,g,00092,300,negative
323,b,48.58,0.205,y,p,k,v,0.25,t,t,11,f,g,00380,2732,positive
246,b,45.00,8.5,u,g,cc,h,14.0,t,t,1,t,g,00088,2000,positive
415,a,22.25,1.25,y,p,ff,ff,3.25,f,f,0,f,g,00280,0,negative
609,b,47.83,4.165,u,g,x,bb,0.085,f,f,0,t,g,00520,0,negative
129,a,28.42,3.5,u,g,w,v,0.835,t,f,0,f,s,00280,0,positive
402,a,51.92,6.5,u,g,i,bb,3.085,f,f,0,t,g,00073,0,negative
543,b,36.33,3.79,u,g,w,v,1.165,t,f,0,t,g,00200,0,negative
535,a,33.92,1.585,y,p,ff,ff,0.0,t,f,0,f,g,00320,0,negative
219,a,18.92,9.25,y,p,c,v,1.0,t,t,4,t,g,00080,500,positive
625,b,23.75,12.0,u,g,c,v,2.085,f,f,0,f,s,00080,0,negative
523,a,22.50,8.5,u,g,q,v,1.75,t,t,10,f,g,00080,990,negative
628,b,29.25,13.0,u,g,d,h,0.5,f,f,0,f,g,00228,0,negative
530,a,25.33,2.085,u,g,c,h,2.75,t,f,0,t,g,00360,1,negative
386,b,22.58,1.5,y,p,aa,v,0.54,f,f,0,t,g,00120,67,negative
667,a,17.92,0.54,u,g,c,v,1.75,f,t,1,t,g,00080,5,negative
509,b,21.00,4.79,y,p,w,v,2.25,t,t,1,t,g,00080,300,positive
267,a,32.00,6.0,u,g,d,v,1.25,f,f,0,f,g,00272,0,negative
441,b,39.58,5.0,u,g,ff,ff,0.0,f,t,2,f,g,00017,1,negative
496,a,25.00,0.875,u,g,x,h,1.04,t,f,0,t,g,00160,5860,positive
112,b,24.58,12.5,u,g,w,v,0.875,t,f,0,t,g,00260,0,negative
232,b,33.50,1.75,u,g,x,h,4.5,t,t,4,t,g,00253,857,positive
597,a,21.50,6.0,u,g,aa,v,2.5,t,t,3,f,g,00080,918,positive
373,b,26.25,1.54,u,g,w,v,0.125,f,f,0,f,g,00100,0,negative
233,b,27.67,13.75,u,g,w,v,5.75,t,f,0,t,g,00487,500,positive
544,b,30.08,1.04,y,p,i,bb,0.5,t,t,10,t,g,00132,28,negative
317,b,17.50,22.0,l,gg,ff,o,0.0,f,f,0,t,p,00450,100000,positive
410,b,31.25,2.835,u,g,ff,ff,0.0,f,t,5,f,g,00176,146,negative
683,b,36.42,0.75,y,p,d,v,0.585,f,f,0,f,g,00240,3,negative
358,b,32.42,3.0,u,g,d,v,0.165,f,f,0,t,g,00120,0,negative
258,a,20.75,9.54,u,g,i,v,0.04,f,f,0,f,g,00200,1000,negative
282,b,17.67,4.46,u,g,c,v,0.25,f,f,0,f,s,00080,0,negative
376,b,28.67,14.5,u,g,d,v,0.125,f,f,0,f,g,00000,286,negative
384,b,22.08,11.46,u,g,k,v,1.585,f,f,0,t,g,00100,1212,negative
224,a,37.75,5.5,u,g,q,v,0.125,t,f,0,t,g,00228,0,positive
654,a,23.58,0.83,u,g,q,v,0.415,f,t,1,t,g,00200,11,negative
659,a,28.58,3.75,u,g,c,v,0.25,f,t,1,t,g,00040,154,negative
472,b,17.42,6.5,u,g,i,v,0.125,f,f,0,f,g,00060,100,negative
347,b,26.75,4.5,y,p,c,bb,2.5,f,f,0,f,g,00200,1210,negative
505,b,31.33,19.5,u,g,c,v,7.0,t,t,16,f,g,00000,5000,positive
679,a,20.08,1.25,u,g,c,v,0.0,f,f,0,f,g,00000,0,negative
636,b,40.92,0.5,y,p,m,v,0.5,f,f,0,t,g,00130,0,negative
585,b,73.42,17.75,u,g,ff,ff,0.0,t,f,0,t,g,00000,0,positive
85,b,37.17,4.0,u,g,c,bb,5.0,t,f,0,t,s,00280,0,negative
242,b,28.33,5.0,u,g,w,v,11.0,t,f,0,t,g,00070,0,positive
159,b,34.08,0.08,y,p,m,bb,0.04,t,t,1,t,g,00280,2000,positive
524,a,28.58,1.665,u,g,q,v,2.415,t,f,0,t,g,00440,0,negative
35,b,27.83,1.5,u,g,w,v,2.0,t,t,11,t,g,00434,35,positive
540,b,19.42,1.5,y,p,cc,v,2.0,t,f,0,t,g,00100,20,negative
170,a,25.08,2.54,y,p,aa,v,0.25,t,f,0,t,g,00370,0,positive
587,b,51.58,15.0,u,g,c,v,8.5,t,t,9,f,g,00000,0,positive
579,b,39.08,6.0,u,g,m,v,1.29,t,t,5,t,g,00108,1097,positive
648,b,25.58,0.335,u,g,k,h,3.5,f,f,0,t,g,00340,0,negative
95,a,28.58,3.54,u,g,i,bb,0.5,t,f,0,t,g,00171,0,negative
563,b,24.42,12.335,u,g,q,h,1.585,t,f,0,t,g,00120,0,positive
240,b,20.50,10.0,y,p,c,v,2.5,t,f,0,f,s,00040,0,positive
460,a,24.50,2.415,y,p,c,v,0.0,f,f,0,f,g,00120,0,negative
553,b,38.58,3.335,u,g,w,v,4.0,t,t,14,f,g,00383,1344,positive
602,b,29.83,1.25,y,p,k,v,0.25,f,f,0,f,g,00224,0,negative
206,a,71.58,0.0,,,,,0.0,f,f,0,f,p,,0,positive
392,b,27.42,12.5,u,g,aa,bb,0.25,f,f,0,t,g,00720,0,negative
397,a,23.58,0.585,y,p,ff,ff,0.125,f,f,0,f,g,00120,87,negative
580,b,31.67,0.83,u,g,x,v,1.335,t,t,8,t,g,00303,3290,positive
217,b,55.92,11.5,u,g,ff,ff,5.0,t,t,5,f,g,00000,8851,positive
4,b,20.17,5.625,u,g,w,v,1.71,t,f,0,f,s,00120,0,positive
613,b,19.33,10.915,u,g,c,bb,0.585,f,t,2,t,g,00200,7,negative
546,b,23.58,0.46,y,p,w,v,2.625,t,t,6,t,g,00208,347,negative
98,a,22.50,11.0,y,p,q,v,3.0,t,f,0,t,g,00268,0,negative
573,a,65.17,14.0,u,g,ff,ff,0.0,t,t,11,t,g,00000,1400,positive
406,a,40.33,8.125,y,p,k,v,0.165,f,t,2,f,g,,18,negative
502,a,64.08,0.165,u,g,ff,ff,0.0,t,t,1,f,g,00232,100,positive
47,b,31.92,4.46,u,g,cc,h,6.04,t,t,3,f,g,00311,300,positive
32,b,49.50,7.585,u,g,i,bb,7.585,t,t,15,t,g,00000,5000,positive
200,a,24.08,0.5,u,g,q,h,1.25,t,t,1,f,g,00000,678,positive
134,b,32.67,5.5,u,g,q,h,5.5,t,t,12,t,g,00408,1000,positive
27,b,56.58,18.5,u,g,d,bb,15.0,t,t,17,t,g,00000,0,positive
604,b,23.42,0.585,u,g,c,h,0.085,t,f,0,f,g,00180,0,negative
230,b,25.17,3.5,u,g,cc,v,0.625,t,t,7,f,g,00000,7059,positive
489,,45.33,1.0,u,g,q,v,0.125,f,f,0,t,g,00263,0,negative
378,b,34.42,1.335,u,g,i,bb,0.125,f,f,0,t,g,00440,4500,negative
288,b,18.83,0.415,y,p,c,v,0.165,f,t,1,f,g,00200,1,negative
418,b,38.42,0.705,u,g,c,v,0.375,f,t,2,f,g,00225,500,negative
391,b,39.92,5.0,u,g,i,bb,0.21,f,f,0,f,g,00550,0,negative
592,b,23.17,0.0,,,,,0.0,f,f,0,f,p,,0,positive
498,b,25.75,0.5,u,g,c,v,1.46,t,t,5,t,g,00312,0,positive
138,a,18.83,9.5,u,g,w,v,1.625,t,t,6,t,g,00040,600,positive
62,a,23.42,0.79,y,p,q,v,1.5,t,t,2,t,g,00080,400,positive
471,b,21.08,4.125,y,p,i,h,0.04,f,f,0,f,g,00140,100,negative
128,b,34.42,4.25,u,g,i,bb,3.25,t,t,2,f,g,00274,610,positive
670,b,47.17,5.835,u,g,w,v,5.5,f,f,0,f,g,00465,150,negative
520,,20.42,7.5,u,g,k,v,1.5,t,t,1,f,g,00160,234,positive
64,b,26.67,4.25,u,g,cc,v,4.29,t,t,1,t,g,00120,0,positive
14,a,45.83,10.5,u,g,q,v,5.0,t,t,7,t,g,00000,0,positive
156,a,28.50,3.04,y,p,x,h,2.54,t,t,1,f,g,00070,0,positive
40,b,34.17,9.17,u,g,c,v,4.5,t,t,12,t,g,00000,221,positive
492,b,39.25,9.5,u,g,m,v,6.5,t,t,14,f,g,00240,4607,positive
379,b,33.58,0.25,u,g,i,bb,4.0,f,f,0,t,s,00420,0,negative
187,b,40.58,5.0,u,g,c,v,5.0,t,t,7,f,g,00000,3065,positive
216,b,41.17,4.04,u,g,cc,h,7.0,t,t,8,f,g,00320,0,positive
52,b,37.42,2.04,u,g,w,v,0.04,t,f,0,t,g,00400,5800,positive
337,a,34.83,1.25,y,p,i,h,0.5,f,f,0,t,g,00160,0,negative
295,a,31.92,3.125,u,g,ff,ff,3.04,f,t,2,t,g,00200,4,negative
251,b,41.42,5.0,u,g,q,h,5.0,t,t,6,t,g,00470,0,positive
461,b,24.08,0.875,u,g,m,v,0.085,f,t,4,f,g,00254,1950,negative
455,b,36.17,18.125,u,g,w,v,0.085,f,f,0,f,g,00320,3552,negative
687,a,25.25,13.5,y,p,ff,ff,2.0,f,t,1,t,g,00200,1,negative
269,b,18.00,0.165,u,g,q,n,0.21,f,f,0,f,g,00200,40,positive
201,a,41.33,1.0,u,g,i,bb,2.25,t,f,0,t,g,00000,300,positive
161,b,44.00,2.0,u,g,m,v,1.75,t,t,2,t,g,00000,15,positive
555,b,41.92,0.42,u,g,c,h,0.21,t,t,6,f,g,00220,948,positive
401,b,28.92,0.375,u,g,c,v,0.29,f,f,0,f,g,00220,140,negative
476,b,23.58,0.835,u,g,i,h,0.085,f,f,0,t,g,00220,5,negative
105,b,54.83,15.5,u,g,e,z,0.0,t,t,20,f,g,00152,130,negative
565,a,20.83,3.0,u,g,aa,v,0.04,t,f,0,f,g,00100,0,positive
389,b,22.92,0.17,u,g,m,v,0.085,f,f,0,f,s,00000,0,negative
1,a,58.67,4.46,u,g,q,h,3.04,t,t,6,f,g,00043,560,positive
643,a,52.50,7.0,u,g,aa,h,3.0,f,f,0,f,g,00000,0,negative
561,b,26.75,1.125,u,g,x,h,1.25,t,f,0,f,g,00000,5298,positive
80,b,49.58,19.0,u,g,ff,ff,0.0,t,t,1,f,g,00094,0,negative
205,a,35.42,12.0,u,g,q,h,14.0,t,t,8,f,g,00000,6590,positive
34,a,22.58,10.75,u,g,q,v,0.415,t,t,5,t,g,00000,560,positive
508,a,30.67,12.0,u,g,c,v,2.0,t,t,1,f,g,00220,19,positive
427,b,37.50,0.835,u,g,e,v,0.04,f,f,0,f,g,00120,5,negative
454,b,52.42,1.5,u,g,d,v,3.75,f,f,0,t,g,00000,350,negative
366,a,22.75,6.165,u,g,aa,v,0.165,f,f,0,f,g,00220,1000,negative
91,b,31.42,15.5,u,g,c,v,0.5,t,f,0,f,g,00120,0,negative
339,b,28.00,3.0,u,g,w,v,0.75,f,f,0,t,g,00300,67,negative
564,b,42.17,5.04,u,g,q,h,12.75,t,f,0,t,g,00092,0,positive
345,b,62.75,7.0,u,g,e,z,0.0,f,f,0,f,g,00000,12,negative
241,b,48.25,25.085,u,g,w,v,1.75,t,t,3,f,g,00120,14,positive
13,b,48.08,6.04,u,g,k,v,0.04,f,f,0,f,g,00000,2690,positive
315,b,23.00,0.75,u,g,m,v,0.5,t,f,0,t,s,00320,0,negative
600,a,29.50,0.46,u,g,k,v,0.54,t,t,4,f,g,00380,500,positive
387,b,21.17,0.0,u,g,c,v,0.5,f,f,0,t,s,00000,0,negative
273,b,38.25,10.125,y,p,k,v,0.125,f,f,0,f,g,00160,0,negative
166,b,19.33,9.5,u,g,q,v,1.0,t,f,0,t,g,00060,400,positive
684,b,40.58,3.29,u,g,m,v,3.5,f,f,0,t,s,00400,0,negative
646,a,20.83,8.5,u,g,c,v,0.165,f,f,0,f,g,00000,351,negative
484,b,34.67,1.08,u,g,m,v,1.165,f,f,0,f,s,00028,0,negative
673,,29.50,2.0,y,p,e,h,2.0,f,f,0,f,g,00256,17,negative
504,a,28.75,3.75,u,g,c,v,1.085,t,t,1,t,g,00371,0,positive
243,a,18.75,7.5,u,g,q,v,2.71,t,t,5,f,g,,26726,positive
566,b,23.08,11.5,u,g,w,h,2.125,t,t,11,t,g,00290,284,positive
562,b,23.33,1.5,u,g,c,h,1.415,t,f,0,f,g,00422,200,positive
189,a,33.08,4.625,u,g,q,h,1.625,t,t,2,f,g,00000,0,positive
475,b,26.75,2.0,u,g,d,v,0.75,f,f,0,t,g,00080,0,negative
510,b,13.75,4.0,y,p,w,v,1.75,t,t,2,t,g,00120,1000,positive
58,b,35.17,4.5,u,g,x,h,5.75,f,f,0,t,s,00711,0,positive
474,b,20.67,0.415,u,g,c,v,0.125,f,f,0,f,g,00000,44,negative
560,a,25.00,12.33,u,g,cc,h,3.5,t,t,6,f,g,00400,458,positive
252,a,17.83,11.0,u,g,x,h,1.0,t,t,11,f,g,00000,3000,positive
21,b,23.25,1.0,u,g,c,v,0.835,t,f,0,f,s,00300,0,positive
313,a,18.58,10.0,u,g,d,v,0.415,f,f,0,f,g,00080,42,negative
459,b,25.67,0.29,y,p,c,v,1.5,f,f,0,t,g,00160,0,negative
160,b,27.67,2.0,u,g,x,h,1.0,t,t,4,f,g,00140,7544,positive
276,a,19.17,5.415,u,g,i,h,0.29,f,f,0,f,g,00080,484,negative
191,b,42.00,0.205,u,g,i,h,5.125,t,f,0,f,g,00400,0,positive
385,b,34.00,5.5,y,p,c,v,1.5,f,f,0,t,g,00060,0,negative
413,b,40.58,1.5,u,g,i,bb,0.0,f,f,0,f,s,00300,0,negative
491,b,24.17,0.875,u,g,q,v,4.625,t,t,2,t,g,00520,2000,positive
343,b,33.75,2.75,u,g,i,bb,0.0,f,f,0,f,g,00180,0,negative
308,b,27.75,1.29,u,g,k,h,0.25,f,f,0,t,s,00140,0,negative
661,b,29.83,3.5,u,g,c,v,0.165,f,f,0,f,g,00216,0,negative
130,b,67.75,5.5,u,g,e,z,13.0,t,t,1,t,g,00000,0,positive
663,b,32.08,4.0,y,p,cc,v,1.5,f,f,0,t,g,00120,0,negative
99,a,28.50,1.0,u,g,q,v,1.0,t,t,2,t,g,00167,500,negative
372,a,45.00,4.585,u,g,k,h,1.0,f,f,0,t,s,00240,0,negative
87,b,25.67,2.21,y,p,aa,v,4.0,t,f,0,f,g,00188,0,negative
458,b,36.17,5.5,u,g,i,bb,5.0,f,f,0,f,g,00210,687,negative
330,b,20.42,0.0,,,,,0.0,f,f,0,f,p,,0,negative
214,b,26.67,2.71,y,p,cc,v,5.25,t,t,1,f,g,00211,0,positive
466,b,31.08,3.085,u,g,c,v,2.5,f,t,2,t,g,00160,41,negative
121,b,25.67,12.5,u,g,cc,v,1.21,t,t,67,t,g,00140,258,positive
614,a,38.33,4.415,u,g,c,v,0.125,f,f,0,f,g,00160,0,negative
20,b,25.00,11.25,u,g,c,v,2.5,t,t,17,f,g,00200,1208,positive
71,b,34.83,4.0,u,g,d,bb,12.5,t,f,0,t,g,,0,negative
106,b,28.75,1.165,u,g,k,v,0.5,t,f,0,f,s,00280,0,negative
270,b,37.58,0.0,,,,,0.0,f,f,0,f,p,,0,positive
435,b,19.00,0.0,y,p,ff,ff,0.0,f,t,4,f,g,00045,1,negative
102,b,18.67,5.0,u,g,q,v,0.375,t,t,2,f,g,00000,38,negative
